task_id,level,modality,file_ext
cffe0e32-c9a6-4c52-9877-78ceb4aaa9fb,1,document,docx
42576abe-0deb-4869-8c63-225c2d75a95a,1,none,
4b6bb5f7-f634-410e-815d-e673ab7f8632,1,none,
5d0080cb-90d7-4712-bc33-848150e917d3,1,none,
6f37996b-2ac7-44b0-8e68-6d28256631b4,1,none,
8e867cd7-cff9-4e6c-867a-ff5ddc2550be,1,none,
bda648d7-d618-4883-88f4-3466eabd860e,1,none,
5cfb274c-0207-4aa7-9575-6ac0bd95d9b2,1,spreadsheet,xlsx
366e2f2b-8632-4ef2-81eb-bc3877489217,2,document,pdf
b7f857e4-d8aa-4387-af2a-0e844df5b9d8,2,image,png
df6561b2-7ee5-4540-baab-5095f742716a,2,image,png
0b260a57-3f3a-4405-9f29-6d7a1012dbfb,2,none,
114d5fd0-e2ae-4b6d-a65a-870da2d19c08,2,none,
16d825ff-1623-4176-a5b5-42e0f5c2b0ac,2,none,
2dfc4c37-fec1-4518-84a7-10095d30ad75,2,none,
3ff6b7a9-a5bd-4412-ad92-0cd0d45c0fee,2,none,
56137764-b4e0-45b8-9c52-1866420c3df5,2,none,
65638e28-7f37-4fa7-b7b9-8c19bb609879,2,none,
6b078778-0b90-464d-83f6-59511c811b01,2,none,
708b99c5-e4a7-49cb-a5cf-933c8d46470d,2,none,
853c8244-429e-46ca-89f2-addf40dfb2bd,2,none,
a56f1527-3abf-41d6-91f8-7296d6336c3f,2,none,
a7feb290-76bb-4cb7-8800-7edaf7954f2f,2,none,
ad37a656-079a-49f9-a493-7b739c9167d1,2,none,
c8b7e059-c60d-472e-ad64-3b04ae1166dc,2,none,
d5141ca5-e7a0-469f-bf3e-e773507c86e2,2,none,
dd3c7503-f62a-4bd0-9f67-1b63b94194cc,2,none,
ded28325-3447-4c56-860f-e497d6fb3577,2,none,
e2d69698-bc99-4e85-9880-67eaccd66e6c,2,none,
ed58682d-bc52-4baa-9eb0-4eb81e1edacc,2,none,
f3917a3d-1d17-4ee2-90c5-683b072218fe,2,none,
32102e3e-d12a-4209-9163-7b3a104efe5d,2,spreadsheet,xlsx
4d51c4bf-4b0e-4f3d-897b-3f6687a7d9f2,2,spreadsheet,xlsx
5b2a14e8-6e59-479c-80e3-4696e8980152,3,image,jpg
0bdb7c40-671d-4ad1-9ce3-986b159c0ddc,3,none,
384d0dd8-e8a4-4cfe-963c-d37f256e7662,3,none,
50f58759-7bd6-406f-9b0d-5692beb2a926,3,none,
56db2318-640f-477a-a82f-bc93ad13e882,3,none,
676e5e31-a554-4acc-9286-b60d90a92d26,3,none,
72c06643-a2fa-4186-aa5c-9ec33ae9b445,3,none,
8131e2c0-0083-4265-9ce7-78c2d568425d,3,none,
851e570a-e3de-4d84-bcfa-cc85578baa59,3,none,
872bfbb1-9ccf-49f6-8c5f-aa22818ccd66,3,none,
9e1fc53b-46ff-49a1-9d05-9e6faac34cc5,3,none,
c3a79cfe-8206-451f-aca8-3fec8ebe51d3,3,none,
de9887f5-ead8-4727-876f-5a4078f8598c,3,none,
9b54f9d9-35ee-4a14-b62f-d130ea00317f,3,other,zip
bec74516-02fc-48dc-b202-55e78d0e17cf,3,other,jsonld
3da89939-209c-4086-8520-7eb734e6b4ef,3,spreadsheet,xlsx
c526d8d6-5987-4da9-b24c-83466fa172f3,3,spreadsheet,xlsx
